Transaction ID,Date,Time,Product ID,Customer ID,Quantity,Price (Rupees)
TRANS-05001,04-10-2023,,PROD-087,5478,6,30
TRANS-05002,04-10-2023,,PROD-111,1725,4,720
TRANS-05003,04-10-2023,,PROD-046,7817,1,10
TRANS-05004,04-10-2023,,PROD-016,5811,4,100
TRANS-05005,04-10-2023,,PROD-040,7021,1,35
TRANS-05006,04-10-2023,,PROD-100,13780,2,80
TRANS-05007,04-10-2023,,PROD-078,377,3,210
TRANS-05008,04-10-2023,,PROD-098,5459,4,40
TRANS-05009,04-10-2023,,PROD-041,8965,2,10
TRANS-05010,04-10-2023,,PROD-072,3936,1,15
TRANS-05011,04-10-2023,,PROD-100,4961,4,160
TRANS-05012,04-10-2023,,PROD-130,11377,2,60
TRANS-05013,04-10-2023,,PROD-063,4233,5,200
TRANS-05014,04-10-2023,,PROD-111,4753,4,720
TRANS-05015,04-10-2023,,PROD-084,6179,5,50
TRANS-05016,04-10-2023,,PROD-124,5143,6,240
TRANS-05017,04-10-2023,,PROD-015,12158,5,400
TRANS-05018,04-10-2023,,PROD-026,7101,6,60
TRANS-05019,04-10-2023,,PROD-047,5156,1,25
TRANS-05020,04-10-2023,,PROD-063,13448,3,120
TRANS-05021,04-10-2023,,PROD-057,10943,1,25
TRANS-05022,04-10-2023,,PROD-030,873,4,600
TRANS-05023,04-10-2023,,PROD-124,1873,5,200
TRANS-05024,04-10-2023,,PROD-128,13727,3,180
TRANS-05025,04-10-2023,,PROD-072,8381,1,15
TRANS-05026,05-10-2023,,PROD-046,10264,5,50
TRANS-05027,05-10-2023,,PROD-084,8587,2,20
TRANS-05028,05-10-2023,,PROD-005,13912,6,60
TRANS-05029,05-10-2023,,PROD-044,2536,2,80
TRANS-05030,05-10-2023,,PROD-026,6992,4,40
TRANS-05031,05-10-2023,,PROD-029,5850,3,210
TRANS-05032,05-10-2023,,PROD-010,6569,5,500
TRANS-05033,05-10-2023,,PROD-137,7077,3,240
TRANS-05034,05-10-2023,,PROD-039,3377,2,20
TRANS-05035,05-10-2023,,PROD-152,2656,2,120
TRANS-05036,05-10-2023,,PROD-136,10630,6,150
TRANS-05037,05-10-2023,,PROD-008,8510,6,360
TRANS-05038,05-10-2023,,PROD-075,11342,3,45
TRANS-05039,05-10-2023,,PROD-004,5321,5,200
TRANS-05040,05-10-2023,,PROD-018,4328,4,240
TRANS-05041,05-10-2023,,PROD-110,5313,4,80
TRANS-05042,05-10-2023,,PROD-034,9660,6,90
TRANS-05043,05-10-2023,,PROD-093,3420,2,20
TRANS-05044,05-10-2023,,PROD-057,3793,3,75
TRANS-05045,05-10-2023,,PROD-026,2450,5,50
TRANS-05046,05-10-2023,,PROD-130,5996,4,120
TRANS-05047,05-10-2023,,PROD-020,6315,4,40
TRANS-05048,06-10-2023,,PROD-013,5335,4,280
TRANS-05049,06-10-2023,,PROD-156,10430,6,90
TRANS-05050,06-10-2023,,PROD-086,1641,5,50
TRANS-05051,06-10-2023,,PROD-148,3739,3,105
TRANS-05052,06-10-2023,,PROD-062,1055,1,25
TRANS-05053,06-10-2023,,PROD-092,13542,2,50
TRANS-05054,06-10-2023,,PROD-056,10199,1,70
TRANS-05055,06-10-2023,,PROD-029,12383,2,140
TRANS-05056,06-10-2023,,PROD-097,13073,3,45
TRANS-05057,06-10-2023,,PROD-056,11249,2,140
TRANS-05058,06-10-2023,,PROD-106,3621,4,200
TRANS-05059,06-10-2023,,PROD-090,12994,2,20
TRANS-05060,06-10-2023,,PROD-142,10676,6,180
TRANS-05061,06-10-2023,,PROD-104,10371,2,20
TRANS-05062,06-10-2023,,PROD-047,4320,5,125
TRANS-05063,06-10-2023,,PROD-122,5601,4,40
TRANS-05064,06-10-2023,,PROD-118,8082,4,800
TRANS-05065,06-10-2023,,PROD-095,8306,6,90
TRANS-05066,06-10-2023,,PROD-095,1700,1,15
TRANS-05067,06-10-2023,,PROD-118,1710,5,1000
TRANS-05068,06-10-2023,,PROD-082,4216,3,180
TRANS-05069,06-10-2023,,PROD-085,6300,3,45
TRANS-05070,06-10-2023,,PROD-108,13707,6,180
TRANS-05071,06-10-2023,,PROD-065,13835,2,40
TRANS-05072,06-10-2023,,PROD-100,4549,3,120
TRANS-05073,06-10-2023,,PROD-137,778,5,400
TRANS-05074,07-10-2023,,PROD-101,13782,4,120
TRANS-05075,07-10-2023,,PROD-125,3918,4,120
TRANS-05076,07-10-2023,,PROD-055,22,2,40
TRANS-05077,07-10-2023,,PROD-038,4392,4,100
TRANS-05078,07-10-2023,,PROD-150,4374,6,720
TRANS-05079,07-10-2023,,PROD-078,2642,6,420
TRANS-05080,07-10-2023,,PROD-021,3121,6,600
TRANS-05081,07-10-2023,,PROD-088,13413,4,120
TRANS-05082,07-10-2023,,PROD-002,10992,4,120
TRANS-05083,07-10-2023,,PROD-115,8868,2,30
TRANS-05084,07-10-2023,,PROD-041,478,1,5
TRANS-05085,07-10-2023,,PROD-134,3364,2,70
TRANS-05086,07-10-2023,,PROD-032,12929,1,5
TRANS-05087,07-10-2023,,PROD-049,8503,1,25
TRANS-05088,07-10-2023,,PROD-123,7223,4,60
TRANS-05089,07-10-2023,,PROD-154,8082,1,25
TRANS-05090,07-10-2023,,PROD-010,2350,4,400
TRANS-05091,07-10-2023,,PROD-055,13691,4,80
TRANS-05092,07-10-2023,,PROD-035,3127,1,5
TRANS-05093,07-10-2023,,PROD-107,11405,5,375
TRANS-05094,07-10-2023,,PROD-031,13396,1,40
TRANS-05095,07-10-2023,,PROD-012,4814,3,60
TRANS-05096,08-10-2023,,PROD-081,2622,1,30
TRANS-05097,08-10-2023,,PROD-035,1129,4,20
TRANS-05098,08-10-2023,,PROD-078,10010,6,420
TRANS-05099,08-10-2023,,PROD-113,9996,1,10
TRANS-05100,08-10-2023,,PROD-070,4478,6,150
TRANS-05101,08-10-2023,,PROD-027,13334,2,60
TRANS-05102,08-10-2023,,PROD-048,402,4,800
TRANS-05103,08-10-2023,,PROD-133,2478,3,135
TRANS-05104,08-10-2023,,PROD-017,7622,5,75
TRANS-05105,08-10-2023,,PROD-149,13370,3,120
TRANS-05106,08-10-2023,,PROD-056,8980,2,140
TRANS-05107,08-10-2023,,PROD-006,10299,5,25
TRANS-05108,08-10-2023,,PROD-144,7295,5,200
TRANS-05109,08-10-2023,,PROD-065,10068,5,100
TRANS-05110,08-10-2023,,PROD-156,1723,2,30
TRANS-05111,08-10-2023,,PROD-052,6437,5,150
TRANS-05112,08-10-2023,,PROD-044,11910,3,120
TRANS-05113,08-10-2023,,PROD-107,5559,1,75
TRANS-05114,08-10-2023,,PROD-057,11036,1,25
TRANS-05115,08-10-2023,,PROD-022,13172,4,60
TRANS-05116,08-10-2023,,PROD-065,7825,2,40
TRANS-05117,08-10-2023,,PROD-006,10754,2,10
TRANS-05118,08-10-2023,,PROD-095,5277,2,30
TRANS-05119,09-10-2023,,PROD-020,12231,3,30
TRANS-05120,09-10-2023,,PROD-039,765,2,20
TRANS-05121,09-10-2023,,PROD-087,6315,3,15
TRANS-05122,09-10-2023,,PROD-086,11684,3,30
TRANS-05123,09-10-2023,,PROD-134,4697,5,175
TRANS-05124,09-10-2023,,PROD-028,8730,2,30
TRANS-05125,09-10-2023,,PROD-125,10012,2,60
TRANS-05126,09-10-2023,,PROD-004,2718,6,240
TRANS-05127,09-10-2023,,PROD-057,11950,6,150
TRANS-05128,09-10-2023,,PROD-005,5132,5,50
TRANS-05129,09-10-2023,,PROD-129,10454,2,500
TRANS-05130,09-10-2023,,PROD-006,539,3,15
TRANS-05131,09-10-2023,,PROD-088,857,6,180
TRANS-05132,09-10-2023,,PROD-056,5146,2,140
TRANS-05133,09-10-2023,,PROD-061,2020,1,40
TRANS-05134,09-10-2023,,PROD-127,2159,2,40
TRANS-05135,09-10-2023,,PROD-040,6960,6,210
TRANS-05136,09-10-2023,,PROD-130,11133,3,90
TRANS-05137,09-10-2023,,PROD-093,11460,6,60
TRANS-05138,09-10-2023,,PROD-009,7095,4,80
TRANS-05139,09-10-2023,,PROD-042,436,4,40
TRANS-05140,09-10-2023,,PROD-028,4402,5,75
TRANS-05141,09-10-2023,,PROD-096,9556,3,60
TRANS-05142,09-10-2023,,PROD-145,8870,4,60
TRANS-05143,09-10-2023,,PROD-041,2735,2,10
TRANS-05144,09-10-2023,,PROD-059,7638,2,240
TRANS-05145,09-10-2023,,PROD-088,2124,2,60
TRANS-05146,09-10-2023,,PROD-092,4346,1,25
TRANS-05147,09-10-2023,,PROD-128,9295,4,240
TRANS-05148,09-10-2023,,PROD-005,8951,4,40
TRANS-05149,10-10-2023,,PROD-151,5399,1,70
TRANS-05150,10-10-2023,,PROD-067,8904,4,140
TRANS-05151,10-10-2023,,PROD-017,5976,4,60
TRANS-05152,10-10-2023,,PROD-026,13902,6,60
TRANS-05153,10-10-2023,,PROD-032,74,6,30
TRANS-05154,10-10-2023,,PROD-032,10259,5,25
TRANS-05155,10-10-2023,,PROD-126,1834,6,150
TRANS-05156,10-10-2023,,PROD-073,12472,5,100
TRANS-05157,10-10-2023,,PROD-145,12655,5,75
TRANS-05158,10-10-2023,,PROD-004,1758,6,240
TRANS-05159,10-10-2023,,PROD-112,3455,2,120
TRANS-05160,10-10-2023,,PROD-146,523,1,25
TRANS-05161,10-10-2023,,PROD-034,3194,4,60
TRANS-05162,10-10-2023,,PROD-020,10364,2,20
TRANS-05163,10-10-2023,,PROD-083,2623,2,40
TRANS-05164,10-10-2023,,PROD-083,5847,6,120
TRANS-05165,10-10-2023,,PROD-156,2911,3,45
TRANS-05166,10-10-2023,,PROD-127,2913,4,80
TRANS-05167,10-10-2023,,PROD-087,12147,5,25
TRANS-05168,10-10-2023,,PROD-001,12353,2,100
TRANS-05169,10-10-2023,,PROD-078,8607,5,350
TRANS-05170,10-10-2023,,PROD-155,11462,2,80
TRANS-05171,10-10-2023,,PROD-047,5874,2,50
TRANS-05172,10-10-2023,,PROD-144,7545,4,160
TRANS-05173,10-10-2023,,PROD-141,8937,4,720
TRANS-05174,10-10-2023,,PROD-128,6148,1,60
TRANS-05175,10-10-2023,,PROD-047,4837,5,125
TRANS-05176,11-10-2023,,PROD-087,2474,2,10
TRANS-05177,11-10-2023,,PROD-142,9409,1,30
TRANS-05178,11-10-2023,,PROD-061,7763,1,40
TRANS-05179,11-10-2023,,PROD-032,6067,5,25
TRANS-05180,11-10-2023,,PROD-116,4994,2,16
TRANS-05181,11-10-2023,,PROD-084,13126,4,40
TRANS-05182,11-10-2023,,PROD-147,5879,5,100
TRANS-05183,11-10-2023,,PROD-109,4665,6,900
TRANS-05184,11-10-2023,,PROD-031,3843,5,200
TRANS-05185,11-10-2023,,PROD-066,5350,6,180
TRANS-05186,11-10-2023,,PROD-005,3394,6,60
TRANS-05187,11-10-2023,,PROD-022,13834,1,15
TRANS-05188,11-10-2023,,PROD-078,6014,1,70
TRANS-05189,11-10-2023,,PROD-007,4303,1,150
TRANS-05190,11-10-2023,,PROD-149,8092,3,120
TRANS-05191,11-10-2023,,PROD-076,8483,1,25
TRANS-05192,11-10-2023,,PROD-083,2446,2,40
TRANS-05193,11-10-2023,,PROD-134,6490,3,105
TRANS-05194,11-10-2023,,PROD-077,1634,4,40
TRANS-05195,11-10-2023,,PROD-057,2538,4,100
TRANS-05196,11-10-2023,,PROD-076,12304,4,100
TRANS-05197,11-10-2023,,PROD-123,421,2,30
TRANS-05198,11-10-2023,,PROD-104,12686,2,20
TRANS-05199,11-10-2023,,PROD-114,12961,6,30
TRANS-05200,11-10-2023,,PROD-030,6488,1,150
TRANS-05201,11-10-2023,,PROD-030,3080,2,300
TRANS-05202,11-10-2023,,PROD-008,2239,2,120
TRANS-05203,11-10-2023,,PROD-003,179,4,320
TRANS-05204,12-10-2023,,PROD-042,5678,5,50
TRANS-05205,12-10-2023,,PROD-076,5688,3,75
TRANS-05206,12-10-2023,,PROD-022,7643,4,60
TRANS-05207,12-10-2023,,PROD-014,12420,3,120
TRANS-05208,12-10-2023,,PROD-091,2734,1,10
TRANS-05209,12-10-2023,,PROD-114,10347,6,30
TRANS-05210,12-10-2023,,PROD-060,1625,4,720
TRANS-05211,12-10-2023,,PROD-128,9636,2,120
TRANS-05212,12-10-2023,,PROD-011,4210,5,150
TRANS-05213,12-10-2023,,PROD-115,5774,2,30
TRANS-05214,12-10-2023,,PROD-055,8144,1,20
TRANS-05215,12-10-2023,,PROD-153,10492,1,30
TRANS-05216,12-10-2023,,PROD-134,11152,1,35
TRANS-05217,12-10-2023,,PROD-060,6784,2,360
TRANS-05218,12-10-2023,,PROD-062,4577,6,150
TRANS-05219,12-10-2023,,PROD-036,11003,6,120
TRANS-05220,12-10-2023,,PROD-048,8534,4,800
TRANS-05221,12-10-2023,,PROD-130,3875,5,150
TRANS-05222,12-10-2023,,PROD-109,1481,3,450
TRANS-05223,12-10-2023,,PROD-112,7394,4,240
TRANS-05224,12-10-2023,,PROD-018,5688,2,120
TRANS-05225,12-10-2023,,PROD-088,10091,2,60
TRANS-05226,13-10-2023,,PROD-061,4577,3,120
TRANS-05227,13-10-2023,,PROD-030,825,6,900
TRANS-05228,13-10-2023,,PROD-013,10869,4,280
TRANS-05229,13-10-2023,,PROD-148,8229,1,35
TRANS-05230,13-10-2023,,PROD-040,3357,5,175
TRANS-05231,13-10-2023,,PROD-133,10928,5,225
TRANS-05232,13-10-2023,,PROD-035,1669,5,25
TRANS-05233,13-10-2023,,PROD-105,5210,3,180
TRANS-05234,13-10-2023,,PROD-145,7881,6,90
TRANS-05235,13-10-2023,,PROD-064,3402,1,10
TRANS-05236,13-10-2023,,PROD-087,12532,6,30
TRANS-05237,13-10-2023,,PROD-098,4746,2,20
TRANS-05238,13-10-2023,,PROD-025,8941,1,50
TRANS-05239,13-10-2023,,PROD-100,3625,1,40
TRANS-05240,13-10-2023,,PROD-048,3107,4,800
TRANS-05241,13-10-2023,,PROD-086,7317,6,60
TRANS-05242,13-10-2023,,PROD-060,6090,6,1080
TRANS-05243,13-10-2023,,PROD-139,173,6,150
TRANS-05244,13-10-2023,,PROD-036,8693,5,100
TRANS-05245,13-10-2023,,PROD-002,2020,4,120
TRANS-05246,13-10-2023,,PROD-044,7901,5,200
TRANS-05247,14-10-2023,,PROD-144,11497,2,80
TRANS-05248,14-10-2023,,PROD-131,11583,1,40
TRANS-05249,14-10-2023,,PROD-147,8321,1,20
TRANS-05250,14-10-2023,,PROD-127,2227,2,40
TRANS-05251,14-10-2023,,PROD-089,8456,6,90
TRANS-05252,14-10-2023,,PROD-151,13361,3,210
TRANS-05253,14-10-2023,,PROD-081,6812,5,150
TRANS-05254,14-10-2023,,PROD-016,7095,6,150
TRANS-05255,14-10-2023,,PROD-009,11440,5,100
TRANS-05256,14-10-2023,,PROD-066,7336,1,30
TRANS-05257,14-10-2023,,PROD-060,325,1,180
TRANS-05258,14-10-2023,,PROD-039,13867,6,60
TRANS-05259,14-10-2023,,PROD-139,3296,4,100
TRANS-05260,14-10-2023,,PROD-036,12880,2,40
TRANS-05261,14-10-2023,,PROD-065,2308,1,20
TRANS-05262,14-10-2023,,PROD-077,11654,1,10
TRANS-05263,14-10-2023,,PROD-045,771,5,250
TRANS-05264,14-10-2023,,PROD-063,13969,6,240
TRANS-05265,14-10-2023,,PROD-093,5307,5,50
TRANS-05266,14-10-2023,,PROD-007,954,5,750
TRANS-05267,14-10-2023,,PROD-080,957,3,120
TRANS-05268,14-10-2023,,PROD-025,1077,3,150
TRANS-05269,14-10-2023,,PROD-042,4151,5,50
TRANS-05270,14-10-2023,,PROD-152,6247,4,240
TRANS-05271,14-10-2023,,PROD-009,12920,3,60
TRANS-05272,14-10-2023,,PROD-131,8039,4,160
TRANS-05273,15-10-2023,,PROD-102,9635,3,60
TRANS-05274,15-10-2023,,PROD-111,1004,4,720
TRANS-05275,15-10-2023,,PROD-151,13736,4,280
TRANS-05276,15-10-2023,,PROD-128,9176,1,60
TRANS-05277,15-10-2023,,PROD-130,4782,2,60
TRANS-05278,15-10-2023,,PROD-129,2541,1,250
TRANS-05279,15-10-2023,,PROD-028,1586,5,75
TRANS-05280,15-10-2023,,PROD-107,10089,6,450
TRANS-05281,15-10-2023,,PROD-039,199,5,50
TRANS-05282,15-10-2023,,PROD-048,2629,6,1200
TRANS-05283,15-10-2023,,PROD-146,1952,6,150
TRANS-05284,15-10-2023,,PROD-057,11480,4,100
TRANS-05285,15-10-2023,,PROD-051,124,1,20
TRANS-05286,15-10-2023,,PROD-143,5525,3,150
TRANS-05287,15-10-2023,,PROD-012,13935,3,60
TRANS-05288,15-10-2023,,PROD-047,12099,4,100
TRANS-05289,15-10-2023,,PROD-096,4833,2,40
TRANS-05290,15-10-2023,,PROD-144,6669,3,120
TRANS-05291,15-10-2023,,PROD-143,251,6,300
TRANS-05292,15-10-2023,,PROD-036,2850,1,20
TRANS-05293,15-10-2023,,PROD-040,7014,4,140
TRANS-05294,15-10-2023,,PROD-116,13950,3,24
TRANS-05295,15-10-2023,,PROD-144,12526,6,240
TRANS-05296,15-10-2023,,PROD-002,12580,4,120
TRANS-05297,15-10-2023,,PROD-032,6583,6,30
TRANS-05298,16-10-2023,,PROD-061,2892,6,240
TRANS-05299,16-10-2023,,PROD-121,13988,6,300
TRANS-05300,16-10-2023,,PROD-117,3137,6,150
TRANS-05301,16-10-2023,,PROD-155,706,1,40
TRANS-05302,16-10-2023,,PROD-062,13220,6,150
TRANS-05303,16-10-2023,,PROD-017,12385,4,60
TRANS-05304,16-10-2023,,PROD-071,6116,2,80
TRANS-05305,16-10-2023,,PROD-117,339,4,100
TRANS-05306,16-10-2023,,PROD-144,1311,5,200
TRANS-05307,16-10-2023,,PROD-127,11404,3,60
TRANS-05308,16-10-2023,,PROD-122,12057,1,10
TRANS-05309,16-10-2023,,PROD-033,3196,6,60
TRANS-05310,16-10-2023,,PROD-027,2115,4,120
TRANS-05311,16-10-2023,,PROD-071,5609,1,40
TRANS-05312,16-10-2023,,PROD-016,8047,3,75
TRANS-05313,16-10-2023,,PROD-033,4812,5,50
TRANS-05314,16-10-2023,,PROD-117,4693,6,150
TRANS-05315,16-10-2023,,PROD-002,13566,3,90
TRANS-05316,16-10-2023,,PROD-062,11607,1,25
TRANS-05317,16-10-2023,,PROD-078,714,4,280
TRANS-05318,16-10-2023,,PROD-140,3752,4,600
TRANS-05319,16-10-2023,,PROD-120,5676,4,48
TRANS-05320,16-10-2023,,PROD-088,1254,5,150
TRANS-05321,16-10-2023,,PROD-019,12264,3,360
TRANS-05322,16-10-2023,,PROD-025,12334,4,200
TRANS-05323,16-10-2023,,PROD-003,3894,3,240
TRANS-05324,17-10-2023,,PROD-134,4865,3,105
TRANS-05325,17-10-2023,,PROD-132,7074,1,20
TRANS-05326,17-10-2023,,PROD-118,9417,4,800
TRANS-05327,17-10-2023,,PROD-020,7557,1,10
TRANS-05328,17-10-2023,,PROD-008,11236,1,60
TRANS-05329,17-10-2023,,PROD-053,12497,4,60
TRANS-05330,17-10-2023,,PROD-079,2540,3,60
TRANS-05331,17-10-2023,,PROD-075,12130,1,15
TRANS-05332,17-10-2023,,PROD-041,10114,6,30
TRANS-05333,17-10-2023,,PROD-060,10202,6,1080
TRANS-05334,17-10-2023,,PROD-123,11525,3,45
TRANS-05335,17-10-2023,,PROD-143,9823,4,200
TRANS-05336,17-10-2023,,PROD-060,3015,2,360
TRANS-05337,17-10-2023,,PROD-058,13861,1,30
TRANS-05338,17-10-2023,,PROD-067,7594,1,35
TRANS-05339,17-10-2023,,PROD-139,1549,3,75
TRANS-05340,17-10-2023,,PROD-013,11408,5,350
TRANS-05341,17-10-2023,,PROD-071,796,5,200
TRANS-05342,17-10-2023,,PROD-140,11354,6,900
TRANS-05343,17-10-2023,,PROD-018,8684,2,120
TRANS-05344,17-10-2023,,PROD-090,3239,2,20
TRANS-05345,17-10-2023,,PROD-050,5724,6,90
TRANS-05346,17-10-2023,,PROD-032,13497,6,30
TRANS-05347,17-10-2023,,PROD-059,12865,4,480
TRANS-05348,17-10-2023,,PROD-122,11930,4,40
TRANS-05349,17-10-2023,,PROD-153,11056,2,60
TRANS-05350,18-10-2023,,PROD-017,12061,4,60
TRANS-05351,18-10-2023,,PROD-123,8230,6,90
TRANS-05352,18-10-2023,,PROD-127,11202,5,100
TRANS-05353,18-10-2023,,PROD-096,515,4,80
TRANS-05354,18-10-2023,,PROD-057,2723,4,100
TRANS-05355,18-10-2023,,PROD-037,1020,5,150
TRANS-05356,18-10-2023,,PROD-043,8457,4,120
TRANS-05357,18-10-2023,,PROD-102,9461,5,100
TRANS-05358,18-10-2023,,PROD-073,4316,5,100
TRANS-05359,18-10-2023,,PROD-032,13788,2,10
TRANS-05360,18-10-2023,,PROD-027,9259,2,60
TRANS-05361,18-10-2023,,PROD-098,7218,3,30
TRANS-05362,18-10-2023,,PROD-074,813,1,30
TRANS-05363,18-10-2023,,PROD-081,8306,5,150
TRANS-05364,18-10-2023,,PROD-007,11700,3,450
TRANS-05365,18-10-2023,,PROD-112,8568,3,180
TRANS-05366,18-10-2023,,PROD-103,6617,6,150
TRANS-05367,18-10-2023,,PROD-145,12810,6,90
TRANS-05368,18-10-2023,,PROD-042,13721,5,50
TRANS-05369,18-10-2023,,PROD-134,8031,6,210
TRANS-05370,18-10-2023,,PROD-027,13104,1,30
TRANS-05371,19-10-2023,,PROD-093,2272,6,60
TRANS-05372,19-10-2023,,PROD-132,2832,3,60
TRANS-05373,19-10-2023,,PROD-076,7819,6,150
TRANS-05374,19-10-2023,,PROD-108,1066,4,120
TRANS-05375,19-10-2023,,PROD-066,3207,2,60
TRANS-05376,19-10-2023,,PROD-053,4142,3,45
TRANS-05377,19-10-2023,,PROD-004,1194,3,120
TRANS-05378,19-10-2023,,PROD-025,3625,6,300
TRANS-05379,19-10-2023,,PROD-045,4791,1,50
TRANS-05380,19-10-2023,,PROD-047,13871,5,125
TRANS-05381,19-10-2023,,PROD-007,2069,4,600
TRANS-05382,19-10-2023,,PROD-026,5145,5,50
TRANS-05383,19-10-2023,,PROD-147,13757,5,100
TRANS-05384,19-10-2023,,PROD-008,8444,5,300
TRANS-05385,19-10-2023,,PROD-113,12722,1,10
TRANS-05386,19-10-2023,,PROD-052,7064,2,60
TRANS-05387,19-10-2023,,PROD-085,7725,3,45
TRANS-05388,19-10-2023,,PROD-116,1966,2,16
TRANS-05389,19-10-2023,,PROD-154,8335,6,150
TRANS-05390,19-10-2023,,PROD-132,2173,3,60
TRANS-05391,19-10-2023,,PROD-094,12247,1,40
TRANS-05392,19-10-2023,,PROD-132,2371,1,20
TRANS-05393,19-10-2023,,PROD-003,616,5,400
TRANS-05394,19-10-2023,,PROD-147,3555,2,40
TRANS-05395,20-10-2023,,PROD-095,11931,6,90
TRANS-05396,20-10-2023,,PROD-063,7046,6,240
TRANS-05397,20-10-2023,,PROD-155,6564,5,200
TRANS-05398,20-10-2023,,PROD-129,3693,2,500
TRANS-05399,20-10-2023,,PROD-111,2740,3,540
TRANS-05400,20-10-2023,,PROD-093,7706,5,50
TRANS-05401,20-10-2023,,PROD-145,9392,1,15
TRANS-05402,20-10-2023,,PROD-080,9149,4,160
TRANS-05403,20-10-2023,,PROD-143,5018,5,250
TRANS-05404,20-10-2023,,PROD-011,6433,3,90
TRANS-05405,20-10-2023,,PROD-019,10316,2,240
TRANS-05406,20-10-2023,,PROD-140,11751,1,150
TRANS-05407,20-10-2023,,PROD-059,12474,1,120
TRANS-05408,20-10-2023,,PROD-004,11176,2,80
TRANS-05409,20-10-2023,,PROD-147,1280,1,20
TRANS-05410,20-10-2023,,PROD-079,5001,4,80
TRANS-05411,20-10-2023,,PROD-018,10722,4,240
TRANS-05412,20-10-2023,,PROD-082,9878,6,360
TRANS-05413,20-10-2023,,PROD-056,6960,2,140
TRANS-05414,20-10-2023,,PROD-116,2859,6,48
TRANS-05415,20-10-2023,,PROD-045,225,2,100
TRANS-05416,20-10-2023,,PROD-012,3292,2,40
TRANS-05417,20-10-2023,,PROD-033,6489,2,20
TRANS-05418,20-10-2023,,PROD-013,1353,1,70
TRANS-05419,21-10-2023,,PROD-029,282,4,280
TRANS-05420,21-10-2023,,PROD-091,13979,1,10
TRANS-05421,21-10-2023,,PROD-136,8332,5,125
TRANS-05422,21-10-2023,,PROD-026,4689,4,40
TRANS-05423,21-10-2023,,PROD-151,3637,3,210
TRANS-05424,21-10-2023,,PROD-014,6553,3,120
TRANS-05425,21-10-2023,,PROD-002,55,6,180
TRANS-05426,21-10-2023,,PROD-060,6663,1,180
TRANS-05427,21-10-2023,,PROD-120,920,1,12
TRANS-05428,21-10-2023,,PROD-134,7600,2,70
TRANS-05429,21-10-2023,,PROD-038,8052,3,75
TRANS-05430,21-10-2023,,PROD-141,6869,6,1080
TRANS-05431,21-10-2023,,PROD-127,6991,1,20
TRANS-05432,21-10-2023,,PROD-049,5223,5,125
TRANS-05433,21-10-2023,,PROD-068,13010,1,50
TRANS-05434,21-10-2023,,PROD-116,12594,6,48
TRANS-05435,21-10-2023,,PROD-061,13961,5,200
TRANS-05436,21-10-2023,,PROD-149,2550,5,200
TRANS-05437,21-10-2023,,PROD-043,12165,4,120
TRANS-05438,21-10-2023,,PROD-063,13225,4,160
TRANS-05439,21-10-2023,,PROD-130,1735,6,180
TRANS-05440,21-10-2023,,PROD-040,6933,4,140
TRANS-05441,21-10-2023,,PROD-063,11141,6,240
TRANS-05442,21-10-2023,,PROD-085,4248,6,90
TRANS-05443,21-10-2023,,PROD-040,9709,1,35
TRANS-05444,21-10-2023,,PROD-142,1661,6,180
TRANS-05445,21-10-2023,,PROD-039,7542,3,30
TRANS-05446,21-10-2023,,PROD-151,6744,5,350
TRANS-05447,21-10-2023,,PROD-042,9763,2,20
TRANS-05448,22-10-2023,,PROD-056,4803,3,210
TRANS-05449,22-10-2023,,PROD-045,1769,6,300
TRANS-05450,22-10-2023,,PROD-015,9569,4,320
TRANS-05451,22-10-2023,,PROD-058,7183,1,30
TRANS-05452,22-10-2023,,PROD-084,3712,3,30
TRANS-05453,22-10-2023,,PROD-038,4083,1,25
TRANS-05454,22-10-2023,,PROD-060,10916,6,1080
TRANS-05455,22-10-2023,,PROD-031,169,2,80
TRANS-05456,22-10-2023,,PROD-117,12093,6,150
TRANS-05457,22-10-2023,,PROD-093,3624,5,50
TRANS-05458,22-10-2023,,PROD-117,11139,4,100
TRANS-05459,22-10-2023,,PROD-077,12800,5,50
TRANS-05460,22-10-2023,,PROD-010,10800,5,500
TRANS-05461,22-10-2023,,PROD-054,13791,4,200
TRANS-05462,22-10-2023,,PROD-005,8483,3,30
TRANS-05463,22-10-2023,,PROD-064,5608,1,10
TRANS-05464,22-10-2023,,PROD-070,9346,6,150
TRANS-05465,22-10-2023,,PROD-135,646,1,50
TRANS-05466,22-10-2023,,PROD-082,1471,4,240
TRANS-05467,22-10-2023,,PROD-121,2094,3,150
TRANS-05468,23-10-2023,,PROD-108,2347,6,180
TRANS-05469,23-10-2023,,PROD-047,13174,5,125
TRANS-05470,23-10-2023,,PROD-064,3171,2,20
TRANS-05471,23-10-2023,,PROD-079,7004,6,120
TRANS-05472,23-10-2023,,PROD-043,11770,1,30
TRANS-05473,23-10-2023,,PROD-041,7858,4,20
TRANS-05474,23-10-2023,,PROD-103,8260,2,50
TRANS-05475,23-10-2023,,PROD-012,13401,2,40
TRANS-05476,23-10-2023,,PROD-085,11699,5,75
TRANS-05477,23-10-2023,,PROD-154,10995,1,25
TRANS-05478,23-10-2023,,PROD-111,1988,1,180
TRANS-05479,23-10-2023,,PROD-047,12779,5,125
TRANS-05480,23-10-2023,,PROD-059,9062,4,480
TRANS-05481,23-10-2023,,PROD-071,11899,3,120
TRANS-05482,23-10-2023,,PROD-084,10562,5,50
TRANS-05483,23-10-2023,,PROD-030,11722,2,300
TRANS-05484,23-10-2023,,PROD-094,11236,3,120
TRANS-05485,23-10-2023,,PROD-020,10840,4,40
TRANS-05486,23-10-2023,,PROD-087,7571,5,25
TRANS-05487,23-10-2023,,PROD-035,2281,4,20
TRANS-05488,23-10-2023,,PROD-133,6318,1,45
TRANS-05489,23-10-2023,,PROD-105,5015,5,300
TRANS-05490,24-10-2023,,PROD-108,7309,3,90
TRANS-05491,24-10-2023,,PROD-123,9319,6,90
TRANS-05492,24-10-2023,,PROD-142,3152,6,180
TRANS-05493,24-10-2023,,PROD-084,6625,6,60
TRANS-05494,24-10-2023,,PROD-002,1233,4,120
TRANS-05495,24-10-2023,,PROD-025,493,6,300
TRANS-05496,24-10-2023,,PROD-131,5635,4,160
TRANS-05497,24-10-2023,,PROD-064,6927,5,50
TRANS-05498,24-10-2023,,PROD-135,10169,1,50
TRANS-05499,24-10-2023,,PROD-057,721,3,75
TRANS-05500,24-10-2023,,PROD-079,10221,3,60
TRANS-05501,24-10-2023,,PROD-055,9500,1,20
TRANS-05502,24-10-2023,,PROD-046,12780,4,40
TRANS-05503,24-10-2023,,PROD-127,12887,3,60
TRANS-05504,24-10-2023,,PROD-126,6968,1,25
TRANS-05505,24-10-2023,,PROD-035,10220,5,25
TRANS-05506,24-10-2023,,PROD-141,7024,5,900
TRANS-05507,24-10-2023,,PROD-151,11002,4,280
TRANS-05508,24-10-2023,,PROD-088,7085,2,60
TRANS-05509,24-10-2023,,PROD-072,12663,4,60
TRANS-05510,24-10-2023,,PROD-138,3889,5,200
TRANS-05511,24-10-2023,,PROD-076,1215,2,50
TRANS-05512,25-10-2023,,PROD-108,7841,6,180
TRANS-05513,25-10-2023,,PROD-022,832,6,90
TRANS-05514,25-10-2023,,PROD-046,6877,2,20
TRANS-05515,25-10-2023,,PROD-149,12824,4,160
TRANS-05516,25-10-2023,,PROD-046,10678,1,10
TRANS-05517,25-10-2023,,PROD-042,219,6,60
TRANS-05518,25-10-2023,,PROD-100,67,6,240
TRANS-05519,25-10-2023,,PROD-080,11952,3,120
TRANS-05520,25-10-2023,,PROD-043,2164,3,90
TRANS-05521,25-10-2023,,PROD-127,10456,1,20
TRANS-05522,25-10-2023,,PROD-084,10080,5,50
TRANS-05523,25-10-2023,,PROD-127,13490,3,60
TRANS-05524,25-10-2023,,PROD-086,9718,5,50
TRANS-05525,25-10-2023,,PROD-014,5299,3,120
TRANS-05526,25-10-2023,,PROD-046,1674,3,30
TRANS-05527,25-10-2023,,PROD-114,11575,4,20
TRANS-05528,25-10-2023,,PROD-120,4024,1,12
TRANS-05529,25-10-2023,,PROD-028,5551,3,45
TRANS-05530,25-10-2023,,PROD-005,3997,3,30
TRANS-05531,25-10-2023,,PROD-039,8243,2,20
TRANS-05532,26-10-2023,,PROD-126,7783,1,25
TRANS-05533,26-10-2023,,PROD-034,3112,1,15
TRANS-05534,26-10-2023,,PROD-037,13236,1,30
TRANS-05535,26-10-2023,,PROD-063,10589,2,80
TRANS-05536,26-10-2023,,PROD-069,5935,6,600
TRANS-05537,26-10-2023,,PROD-151,8073,2,140
TRANS-05538,26-10-2023,,PROD-134,6671,1,35
TRANS-05539,26-10-2023,,PROD-130,467,6,180
TRANS-05540,26-10-2023,,PROD-053,905,4,60
TRANS-05541,26-10-2023,,PROD-025,10029,4,200
TRANS-05542,26-10-2023,,PROD-032,5726,6,30
TRANS-05543,26-10-2023,,PROD-017,11723,1,15
TRANS-05544,26-10-2023,,PROD-033,3566,5,50
TRANS-05545,26-10-2023,,PROD-033,6548,3,30
TRANS-05546,26-10-2023,,PROD-105,3049,1,60
TRANS-05547,26-10-2023,,PROD-015,2450,4,320
TRANS-05548,26-10-2023,,PROD-128,2703,4,240
TRANS-05549,26-10-2023,,PROD-089,2226,6,90
TRANS-05550,26-10-2023,,PROD-139,2202,1,25
TRANS-05551,26-10-2023,,PROD-117,8773,3,75
TRANS-05552,26-10-2023,,PROD-076,7335,1,25
TRANS-05553,26-10-2023,,PROD-045,1151,2,100
TRANS-05554,26-10-2023,,PROD-131,9847,4,160
TRANS-05555,26-10-2023,,PROD-121,12645,2,100
TRANS-05556,26-10-2023,,PROD-132,8876,2,40
TRANS-05557,26-10-2023,,PROD-145,5466,3,45
TRANS-05558,26-10-2023,,PROD-039,2536,4,40
TRANS-05559,26-10-2023,,PROD-127,10581,5,100
TRANS-05560,27-10-2023,,PROD-033,3144,3,30
TRANS-05561,27-10-2023,,PROD-123,5222,3,45
TRANS-05562,27-10-2023,,PROD-132,8625,6,120
TRANS-05563,27-10-2023,,PROD-050,10881,6,90
TRANS-05564,27-10-2023,,PROD-114,13482,4,20
TRANS-05565,27-10-2023,,PROD-124,3266,3,120
TRANS-05566,27-10-2023,,PROD-039,8238,3,30
TRANS-05567,27-10-2023,,PROD-092,1510,2,50
TRANS-05568,27-10-2023,,PROD-143,266,4,200
TRANS-05569,27-10-2023,,PROD-144,1805,1,40
TRANS-05570,27-10-2023,,PROD-003,11235,1,80
TRANS-05571,27-10-2023,,PROD-062,4350,3,75
TRANS-05572,27-10-2023,,PROD-013,1316,6,420
TRANS-05573,27-10-2023,,PROD-105,6473,1,60
TRANS-05574,27-10-2023,,PROD-049,64,3,75
TRANS-05575,27-10-2023,,PROD-153,2687,5,150
TRANS-05576,27-10-2023,,PROD-140,3212,1,150
TRANS-05577,27-10-2023,,PROD-150,13553,2,240
TRANS-05578,27-10-2023,,PROD-120,2706,3,36
TRANS-05579,27-10-2023,,PROD-015,892,5,400
TRANS-05580,27-10-2023,,PROD-012,11231,3,60
TRANS-05581,27-10-2023,,PROD-059,7408,3,360
TRANS-05582,27-10-2023,,PROD-019,9456,5,600
TRANS-05583,27-10-2023,,PROD-032,13116,6,30
TRANS-05584,27-10-2023,,PROD-019,6062,5,600
TRANS-05585,27-10-2023,,PROD-018,12807,6,360
TRANS-05586,27-10-2023,,PROD-060,6758,6,1080
TRANS-05587,27-10-2023,,PROD-038,1466,4,100
TRANS-05588,27-10-2023,,PROD-058,2497,4,120
TRANS-05589,27-10-2023,,PROD-013,3551,4,280
TRANS-05590,28-10-2023,,PROD-092,183,4,100
TRANS-05591,28-10-2023,,PROD-135,3772,5,250
TRANS-05592,28-10-2023,,PROD-097,1669,4,60
TRANS-05593,28-10-2023,,PROD-112,12837,4,240
TRANS-05594,28-10-2023,,PROD-030,8589,1,150
TRANS-05595,28-10-2023,,PROD-051,6733,6,120
TRANS-05596,28-10-2023,,PROD-074,6123,3,90
TRANS-05597,28-10-2023,,PROD-016,12135,4,100
TRANS-05598,28-10-2023,,PROD-023,6587,5,100
TRANS-05599,28-10-2023,,PROD-022,13792,1,15
TRANS-05600,28-10-2023,,PROD-010,11060,1,100
TRANS-05601,28-10-2023,,PROD-054,6940,1,50
TRANS-05602,28-10-2023,,PROD-146,6245,4,100
TRANS-05603,28-10-2023,,PROD-025,175,5,250
TRANS-05604,28-10-2023,,PROD-141,13026,1,180
TRANS-05605,28-10-2023,,PROD-032,11266,6,30
TRANS-05606,28-10-2023,,PROD-124,3705,5,200
TRANS-05607,28-10-2023,,PROD-036,4772,3,60
TRANS-05608,28-10-2023,,PROD-081,2735,5,150
TRANS-05609,28-10-2023,,PROD-115,5706,3,45
TRANS-05610,28-10-2023,,PROD-155,3245,5,200
TRANS-05611,28-10-2023,,PROD-007,3796,1,150
TRANS-05612,28-10-2023,,PROD-072,2185,5,75
TRANS-05613,28-10-2023,,PROD-027,12798,6,180
TRANS-05614,28-10-2023,,PROD-127,1106,3,60
TRANS-05615,28-10-2023,,PROD-004,3965,1,40
TRANS-05616,28-10-2023,,PROD-094,600,4,160
TRANS-05617,28-10-2023,,PROD-030,3869,6,900
TRANS-05618,28-10-2023,,PROD-107,3804,1,75
TRANS-05619,28-10-2023,,PROD-046,12522,1,10
TRANS-05620,29-10-2023,,PROD-023,11134,4,80
TRANS-05621,29-10-2023,,PROD-039,3418,2,20
TRANS-05622,29-10-2023,,PROD-155,13194,1,40
TRANS-05623,29-10-2023,,PROD-086,10549,2,20
TRANS-05624,29-10-2023,,PROD-047,7215,5,125
TRANS-05625,29-10-2023,,PROD-149,8235,6,240
TRANS-05626,29-10-2023,,PROD-061,5131,6,240
TRANS-05627,29-10-2023,,PROD-078,5402,5,350
TRANS-05628,29-10-2023,,PROD-035,12136,2,10
TRANS-05629,29-10-2023,,PROD-041,5224,3,15
TRANS-05630,29-10-2023,,PROD-046,13630,4,40
TRANS-05631,29-10-2023,,PROD-072,13044,3,45
TRANS-05632,29-10-2023,,PROD-041,3960,2,10
TRANS-05633,29-10-2023,,PROD-105,3822,6,360
TRANS-05634,29-10-2023,,PROD-138,10848,2,80
TRANS-05635,29-10-2023,,PROD-079,6125,4,80
TRANS-05636,29-10-2023,,PROD-027,4083,4,120
TRANS-05637,29-10-2023,,PROD-085,8773,2,30
TRANS-05638,29-10-2023,,PROD-056,9696,6,420
TRANS-05639,29-10-2023,,PROD-005,2978,2,20
TRANS-05640,29-10-2023,,PROD-097,9703,2,30
TRANS-05641,29-10-2023,,PROD-034,1128,4,60
TRANS-05642,29-10-2023,,PROD-051,8551,4,80
TRANS-05643,29-10-2023,,PROD-044,10657,5,200
TRANS-05644,29-10-2023,,PROD-077,9915,5,50
TRANS-05645,29-10-2023,,PROD-111,11338,3,540
TRANS-05646,30-10-2023,,PROD-076,12671,2,50
TRANS-05647,30-10-2023,,PROD-080,2641,5,200
TRANS-05648,30-10-2023,,PROD-050,12136,3,45
TRANS-05649,30-10-2023,,PROD-091,7866,5,50
TRANS-05650,30-10-2023,,PROD-154,5102,2,50
TRANS-05651,30-10-2023,,PROD-035,1142,2,10
TRANS-05652,30-10-2023,,PROD-115,12032,6,90
TRANS-05653,30-10-2023,,PROD-017,1767,4,60
TRANS-05654,30-10-2023,,PROD-128,1085,6,360
TRANS-05655,30-10-2023,,PROD-075,12881,3,45
TRANS-05656,30-10-2023,,PROD-155,3041,2,80
TRANS-05657,30-10-2023,,PROD-080,12347,5,200
TRANS-05658,30-10-2023,,PROD-061,6907,4,160
TRANS-05659,30-10-2023,,PROD-024,838,3,120
TRANS-05660,30-10-2023,,PROD-004,6033,1,40
TRANS-05661,30-10-2023,,PROD-102,780,4,80
TRANS-05662,30-10-2023,,PROD-150,11022,2,240
TRANS-05663,30-10-2023,,PROD-089,11843,3,45
TRANS-05664,30-10-2023,,PROD-026,10345,5,50
TRANS-05665,30-10-2023,,PROD-148,8949,4,140
TRANS-05666,30-10-2023,,PROD-036,4184,6,120
TRANS-05667,30-10-2023,,PROD-052,5809,1,30
TRANS-05668,30-10-2023,,PROD-135,3965,4,200
TRANS-05669,30-10-2023,,PROD-124,1224,2,80
TRANS-05670,30-10-2023,,PROD-083,68,4,80
TRANS-05671,30-10-2023,,PROD-064,11140,2,20
TRANS-05672,30-10-2023,,PROD-119,12172,5,200
TRANS-05673,30-10-2023,,PROD-138,10608,6,240
TRANS-05674,31-10-2023,,PROD-149,4113,4,160
TRANS-05675,31-10-2023,,PROD-142,10326,3,90
TRANS-05676,31-10-2023,,PROD-111,13456,1,180
TRANS-05677,31-10-2023,,PROD-140,2862,3,450
TRANS-05678,31-10-2023,,PROD-028,11121,2,30
TRANS-05679,31-10-2023,,PROD-126,13628,2,50
TRANS-05680,31-10-2023,,PROD-089,5872,4,60
TRANS-05681,31-10-2023,,PROD-043,376,4,120
TRANS-05682,31-10-2023,,PROD-130,13536,2,60
TRANS-05683,31-10-2023,,PROD-089,12528,4,60
TRANS-05684,31-10-2023,,PROD-135,11645,6,300
TRANS-05685,31-10-2023,,PROD-075,5589,1,15
TRANS-05686,31-10-2023,,PROD-121,13378,2,100
TRANS-05687,31-10-2023,,PROD-074,9911,3,90
TRANS-05688,31-10-2023,,PROD-084,6448,4,40
TRANS-05689,31-10-2023,,PROD-090,823,3,30
TRANS-05690,31-10-2023,,PROD-027,3723,4,120
TRANS-05691,31-10-2023,,PROD-110,9834,5,100
TRANS-05692,31-10-2023,,PROD-031,6711,6,240
TRANS-05693,31-10-2023,,PROD-124,3835,6,240
TRANS-05694,31-10-2023,,PROD-154,2628,1,25
TRANS-05695,31-10-2023,,PROD-037,2472,5,150
TRANS-05696,31-10-2023,,PROD-097,11749,1,15
TRANS-05697,31-10-2023,,PROD-023,11911,2,40
TRANS-05698,01-11-2023,,PROD-069,5908,5,500
TRANS-05699,01-11-2023,,PROD-060,2868,4,720
TRANS-05700,01-11-2023,,PROD-145,8863,3,45
TRANS-05701,01-11-2023,,PROD-099,4192,3,240
TRANS-05702,01-11-2023,,PROD-115,11569,2,30
TRANS-05703,01-11-2023,,PROD-124,102,2,80
TRANS-05704,01-11-2023,,PROD-004,3284,3,120
TRANS-05705,01-11-2023,,PROD-009,12186,3,60
TRANS-05706,01-11-2023,,PROD-024,11981,6,240
TRANS-05707,01-11-2023,,PROD-041,2765,2,10
TRANS-05708,01-11-2023,,PROD-083,12897,3,60
TRANS-05709,01-11-2023,,PROD-153,12528,5,150
TRANS-05710,01-11-2023,,PROD-071,3067,5,200
TRANS-05711,01-11-2023,,PROD-128,7470,3,180
TRANS-05712,01-11-2023,,PROD-013,10858,2,140
TRANS-05713,01-11-2023,,PROD-102,408,6,120
TRANS-05714,01-11-2023,,PROD-047,6617,5,125
TRANS-05715,01-11-2023,,PROD-022,8174,5,75
TRANS-05716,01-11-2023,,PROD-094,11166,6,240
TRANS-05717,01-11-2023,,PROD-094,529,1,40
TRANS-05718,01-11-2023,,PROD-040,4320,5,175
TRANS-05719,01-11-2023,,PROD-066,10414,4,120
TRANS-05720,01-11-2023,,PROD-003,10415,6,480
TRANS-05721,01-11-2023,,PROD-102,9482,2,40
TRANS-05722,01-11-2023,,PROD-007,11265,6,900
TRANS-05723,01-11-2023,,PROD-020,512,4,40
TRANS-05724,01-11-2023,,PROD-021,2555,5,500
TRANS-05725,01-11-2023,,PROD-069,11056,5,500
TRANS-05726,02-11-2023,,PROD-094,7817,4,160
TRANS-05727,02-11-2023,,PROD-075,9336,2,30
TRANS-05728,02-11-2023,,PROD-133,9701,3,135
TRANS-05729,02-11-2023,,PROD-136,8162,1,25
TRANS-05730,02-11-2023,,PROD-009,3574,2,40
TRANS-05731,02-11-2023,,PROD-066,1361,2,60
TRANS-05732,02-11-2023,,PROD-046,9278,6,60
TRANS-05733,02-11-2023,,PROD-051,3695,3,60
TRANS-05734,02-11-2023,,PROD-116,3002,5,40
TRANS-05735,02-11-2023,,PROD-080,1057,2,80
TRANS-05736,02-11-2023,,PROD-107,1542,6,450
TRANS-05737,02-11-2023,,PROD-011,5236,2,60
TRANS-05738,02-11-2023,,PROD-010,651,3,300
TRANS-05739,02-11-2023,,PROD-039,11113,6,60
TRANS-05740,02-11-2023,,PROD-028,12398,3,45
TRANS-05741,02-11-2023,,PROD-037,12970,3,90
TRANS-05742,02-11-2023,,PROD-051,12927,3,60
TRANS-05743,02-11-2023,,PROD-024,3617,4,160
TRANS-05744,02-11-2023,,PROD-011,1818,6,180
TRANS-05745,02-11-2023,,PROD-044,6427,2,80
TRANS-05746,02-11-2023,,PROD-042,12865,3,30
TRANS-05747,03-11-2023,,PROD-021,11635,2,200
TRANS-05748,03-11-2023,,PROD-026,2560,5,50
TRANS-05749,03-11-2023,,PROD-082,13403,6,360
TRANS-05750,03-11-2023,,PROD-054,3254,2,100
TRANS-05751,03-11-2023,,PROD-006,4248,3,15
TRANS-05752,03-11-2023,,PROD-132,12327,1,20
TRANS-05753,03-11-2023,,PROD-115,2826,2,30
TRANS-05754,03-11-2023,,PROD-008,10310,5,300
TRANS-05755,03-11-2023,,PROD-120,12680,3,36
TRANS-05756,03-11-2023,,PROD-044,1099,5,200
TRANS-05757,03-11-2023,,PROD-113,10845,3,30
TRANS-05758,03-11-2023,,PROD-077,8795,3,30
TRANS-05759,03-11-2023,,PROD-155,9383,1,40
TRANS-05760,03-11-2023,,PROD-045,5633,6,300
TRANS-05761,03-11-2023,,PROD-080,12464,1,40
TRANS-05762,03-11-2023,,PROD-013,5746,5,350
TRANS-05763,03-11-2023,,PROD-120,13270,2,24
TRANS-05764,03-11-2023,,PROD-035,2815,1,5
TRANS-05765,03-11-2023,,PROD-001,12590,1,50
TRANS-05766,03-11-2023,,PROD-102,12496,3,60
TRANS-05767,03-11-2023,,PROD-088,5308,1,30
TRANS-05768,03-11-2023,,PROD-090,1279,5,50
TRANS-05769,03-11-2023,,PROD-084,10732,5,50
TRANS-05770,03-11-2023,,PROD-104,899,4,40
TRANS-05771,03-11-2023,,PROD-153,11139,1,30
TRANS-05772,03-11-2023,,PROD-037,8502,4,120
TRANS-05773,03-11-2023,,PROD-081,553,1,30
TRANS-05774,03-11-2023,,PROD-137,6358,5,400
TRANS-05775,03-11-2023,,PROD-013,10160,2,140
TRANS-05776,04-11-2023,,PROD-103,420,2,50
TRANS-05777,04-11-2023,,PROD-125,12201,5,150
TRANS-05778,04-11-2023,,PROD-009,8107,5,100
TRANS-05779,04-11-2023,,PROD-095,13461,4,60
TRANS-05780,04-11-2023,,PROD-130,5373,4,120
TRANS-05781,04-11-2023,,PROD-067,13641,1,35
TRANS-05782,04-11-2023,,PROD-026,12135,6,60
TRANS-05783,04-11-2023,,PROD-060,11124,3,540
TRANS-05784,04-11-2023,,PROD-071,10893,3,120
TRANS-05785,04-11-2023,,PROD-068,13242,2,100
TRANS-05786,04-11-2023,,PROD-136,10423,2,50
TRANS-05787,04-11-2023,,PROD-007,12269,3,450
TRANS-05788,04-11-2023,,PROD-034,12371,3,45
TRANS-05789,04-11-2023,,PROD-031,1406,2,80
TRANS-05790,04-11-2023,,PROD-055,4751,4,80
TRANS-05791,04-11-2023,,PROD-156,9383,1,15
TRANS-05792,04-11-2023,,PROD-055,9640,2,40
TRANS-05793,04-11-2023,,PROD-152,2271,4,240
TRANS-05794,04-11-2023,,PROD-126,7229,3,75
TRANS-05795,04-11-2023,,PROD-068,6758,6,300
TRANS-05796,04-11-2023,,PROD-061,8548,6,240
TRANS-05797,04-11-2023,,PROD-106,7501,5,250
TRANS-05798,04-11-2023,,PROD-062,5902,5,125
TRANS-05799,04-11-2023,,PROD-074,13282,6,180
TRANS-05800,04-11-2023,,PROD-123,461,1,15
TRANS-05801,04-11-2023,,PROD-079,11921,5,100
TRANS-05802,04-11-2023,,PROD-031,11845,1,40
TRANS-05803,05-11-2023,,PROD-141,11419,5,900
TRANS-05804,05-11-2023,,PROD-101,3548,5,150
TRANS-05805,05-11-2023,,PROD-058,13765,2,60
TRANS-05806,05-11-2023,,PROD-081,12253,2,60
TRANS-05807,05-11-2023,,PROD-077,340,2,20
TRANS-05808,05-11-2023,,PROD-031,8938,4,160
TRANS-05809,05-11-2023,,PROD-064,5480,1,10
TRANS-05810,05-11-2023,,PROD-140,837,4,600
TRANS-05811,05-11-2023,,PROD-126,4872,6,150
TRANS-05812,05-11-2023,,PROD-074,1309,1,30
TRANS-05813,05-11-2023,,PROD-103,13583,3,75
TRANS-05814,05-11-2023,,PROD-038,3570,5,125
TRANS-05815,05-11-2023,,PROD-073,10473,6,120
TRANS-05816,05-11-2023,,PROD-088,11367,5,150
TRANS-05817,05-11-2023,,PROD-021,6476,6,600
TRANS-05818,05-11-2023,,PROD-149,10757,4,160
TRANS-05819,05-11-2023,,PROD-154,9438,4,100
TRANS-05820,05-11-2023,,PROD-027,9620,1,30
TRANS-05821,05-11-2023,,PROD-152,6504,3,180
TRANS-05822,05-11-2023,,PROD-005,1243,2,20
TRANS-05823,05-11-2023,,PROD-030,12050,4,600
TRANS-05824,05-11-2023,,PROD-140,3054,6,900
TRANS-05825,05-11-2023,,PROD-093,2810,5,50
TRANS-05826,05-11-2023,,PROD-122,7412,1,10
TRANS-05827,05-11-2023,,PROD-122,8508,1,10
TRANS-05828,05-11-2023,,PROD-053,10043,1,15
TRANS-05829,06-11-2023,,PROD-081,154,1,30
TRANS-05830,06-11-2023,,PROD-109,10646,1,150
TRANS-05831,06-11-2023,,PROD-111,500,5,900
TRANS-05832,06-11-2023,,PROD-076,12183,5,125
TRANS-05833,06-11-2023,,PROD-025,4240,5,250
TRANS-05834,06-11-2023,,PROD-110,9915,6,120
TRANS-05835,06-11-2023,,PROD-012,13806,1,20
TRANS-05836,06-11-2023,,PROD-066,12856,3,90
TRANS-05837,06-11-2023,,PROD-118,10575,3,600
TRANS-05838,06-11-2023,,PROD-073,1755,2,40
TRANS-05839,06-11-2023,,PROD-042,9801,3,30
TRANS-05840,06-11-2023,,PROD-004,1779,1,40
TRANS-05841,06-11-2023,,PROD-041,8267,5,25
TRANS-05842,06-11-2023,,PROD-079,5868,5,100
TRANS-05843,06-11-2023,,PROD-048,955,4,800
TRANS-05844,06-11-2023,,PROD-120,4669,6,72
TRANS-05845,06-11-2023,,PROD-099,1179,3,240
TRANS-05846,06-11-2023,,PROD-090,10361,2,20
TRANS-05847,06-11-2023,,PROD-110,3699,6,120
TRANS-05848,06-11-2023,,PROD-078,11856,5,350
TRANS-05849,06-11-2023,,PROD-095,3096,1,15
TRANS-05850,06-11-2023,,PROD-019,10771,3,360
TRANS-05851,06-11-2023,,PROD-034,12543,5,75
TRANS-05852,06-11-2023,,PROD-125,8701,6,180
TRANS-05853,06-11-2023,,PROD-124,11647,1,40
TRANS-05854,06-11-2023,,PROD-061,260,4,160
TRANS-05855,07-11-2023,,PROD-046,3082,4,40
TRANS-05856,07-11-2023,,PROD-047,3264,2,50
TRANS-05857,07-11-2023,,PROD-038,8947,5,125
TRANS-05858,07-11-2023,,PROD-044,1721,6,240
TRANS-05859,07-11-2023,,PROD-008,13771,3,180
TRANS-05860,07-11-2023,,PROD-042,2726,2,20
TRANS-05861,07-11-2023,,PROD-124,8231,5,200
TRANS-05862,07-11-2023,,PROD-148,6607,3,105
TRANS-05863,07-11-2023,,PROD-144,1298,6,240
TRANS-05864,07-11-2023,,PROD-116,12848,4,32
TRANS-05865,07-11-2023,,PROD-004,11546,4,160
TRANS-05866,07-11-2023,,PROD-008,9390,3,180
TRANS-05867,07-11-2023,,PROD-068,8045,6,300
TRANS-05868,07-11-2023,,PROD-078,4869,1,70
TRANS-05869,07-11-2023,,PROD-114,9216,1,5
TRANS-05870,07-11-2023,,PROD-004,7350,2,80
TRANS-05871,07-11-2023,,PROD-039,3211,2,20
TRANS-05872,07-11-2023,,PROD-106,3012,5,250
TRANS-05873,07-11-2023,,PROD-071,1730,2,80
TRANS-05874,07-11-2023,,PROD-066,5316,1,30
TRANS-05875,07-11-2023,,PROD-061,22,3,120
TRANS-05876,07-11-2023,,PROD-060,511,6,1080
TRANS-05877,07-11-2023,,PROD-115,5823,3,45
TRANS-05878,07-11-2023,,PROD-150,9733,3,360
TRANS-05879,07-11-2023,,PROD-073,2799,6,120
TRANS-05880,07-11-2023,,PROD-022,2309,2,30
TRANS-05881,07-11-2023,,PROD-146,11863,4,100
TRANS-05882,07-11-2023,,PROD-085,8805,4,60
TRANS-05883,07-11-2023,,PROD-029,7684,1,70
TRANS-05884,08-11-2023,,PROD-040,1413,3,105
TRANS-05885,08-11-2023,,PROD-109,13968,1,150
TRANS-05886,08-11-2023,,PROD-019,3880,6,720
TRANS-05887,08-11-2023,,PROD-120,5009,4,48
TRANS-05888,08-11-2023,,PROD-006,6390,6,30
TRANS-05889,08-11-2023,,PROD-098,6316,4,40
TRANS-05890,08-11-2023,,PROD-030,2361,6,900
TRANS-05891,08-11-2023,,PROD-129,11659,2,500
TRANS-05892,08-11-2023,,PROD-043,2546,5,150
TRANS-05893,08-11-2023,,PROD-123,2820,5,75
TRANS-05894,08-11-2023,,PROD-094,6672,6,240
TRANS-05895,08-11-2023,,PROD-002,4397,2,60
TRANS-05896,08-11-2023,,PROD-022,12077,6,90
TRANS-05897,08-11-2023,,PROD-060,10158,6,1080
TRANS-05898,08-11-2023,,PROD-087,13659,1,5
TRANS-05899,08-11-2023,,PROD-081,11763,4,120
TRANS-05900,08-11-2023,,PROD-122,10637,1,10
TRANS-05901,08-11-2023,,PROD-058,2162,2,60
TRANS-05902,08-11-2023,,PROD-052,5071,5,150
TRANS-05903,08-11-2023,,PROD-109,3043,6,900
TRANS-05904,09-11-2023,,PROD-075,5683,6,90
TRANS-05905,09-11-2023,,PROD-073,981,6,120
TRANS-05906,09-11-2023,,PROD-116,8768,4,32
TRANS-05907,09-11-2023,,PROD-086,5660,3,30
TRANS-05908,09-11-2023,,PROD-151,12565,2,140
TRANS-05909,09-11-2023,,PROD-155,5321,1,40
TRANS-05910,09-11-2023,,PROD-122,744,5,50
TRANS-05911,09-11-2023,,PROD-149,10233,3,120
TRANS-05912,09-11-2023,,PROD-083,6036,4,80
TRANS-05913,09-11-2023,,PROD-103,6393,3,75
TRANS-05914,09-11-2023,,PROD-115,7141,1,15
TRANS-05915,09-11-2023,,PROD-026,7933,1,10
TRANS-05916,09-11-2023,,PROD-027,6248,4,120
TRANS-05917,09-11-2023,,PROD-143,1369,1,50
TRANS-05918,09-11-2023,,PROD-074,7066,2,60
TRANS-05919,09-11-2023,,PROD-093,10123,4,40
TRANS-05920,09-11-2023,,PROD-083,6938,2,40
TRANS-05921,09-11-2023,,PROD-077,4434,2,20
TRANS-05922,09-11-2023,,PROD-069,9813,3,300
TRANS-05923,09-11-2023,,PROD-102,4933,1,20
TRANS-05924,10-11-2023,,PROD-038,1488,3,75
TRANS-05925,10-11-2023,,PROD-047,7089,4,100
TRANS-05926,10-11-2023,,PROD-136,7936,4,100
TRANS-05927,10-11-2023,,PROD-154,5548,5,125
TRANS-05928,10-11-2023,,PROD-095,9877,6,90
TRANS-05929,10-11-2023,,PROD-003,2006,4,320
TRANS-05930,10-11-2023,,PROD-075,2973,2,30
TRANS-05931,10-11-2023,,PROD-124,9157,6,240
TRANS-05932,10-11-2023,,PROD-005,8499,5,50
TRANS-05933,10-11-2023,,PROD-039,2152,1,10
TRANS-05934,10-11-2023,,PROD-001,1715,2,100
TRANS-05935,10-11-2023,,PROD-050,13574,5,75
TRANS-05936,10-11-2023,,PROD-059,10852,5,600
TRANS-05937,10-11-2023,,PROD-023,7326,5,100
TRANS-05938,10-11-2023,,PROD-083,9644,1,20
TRANS-05939,10-11-2023,,PROD-002,13038,3,90
TRANS-05940,10-11-2023,,PROD-143,11036,5,250
TRANS-05941,10-11-2023,,PROD-011,14013,3,90
TRANS-05942,10-11-2023,,PROD-075,9060,3,45
TRANS-05943,10-11-2023,,PROD-046,1868,3,30
TRANS-05944,10-11-2023,,PROD-051,13477,5,100
TRANS-05945,10-11-2023,,PROD-089,13263,5,75
TRANS-05946,10-11-2023,,PROD-055,1720,6,120
TRANS-05947,10-11-2023,,PROD-022,2905,3,45
TRANS-05948,10-11-2023,,PROD-117,6552,1,25
TRANS-05949,10-11-2023,,PROD-013,8588,6,420
TRANS-05950,10-11-2023,,PROD-029,3341,6,420
TRANS-05951,10-11-2023,,PROD-097,4193,6,90
TRANS-05952,10-11-2023,,PROD-005,10578,6,60
TRANS-05953,11-11-2023,,PROD-023,8458,2,40
TRANS-05954,11-11-2023,,PROD-076,432,6,150
TRANS-05955,11-11-2023,,PROD-143,612,2,100
TRANS-05956,11-11-2023,,PROD-149,5151,1,40
TRANS-05957,11-11-2023,,PROD-133,5358,3,135
TRANS-05958,11-11-2023,,PROD-050,5105,5,75
TRANS-05959,11-11-2023,,PROD-065,9051,6,120
TRANS-05960,11-11-2023,,PROD-061,10805,4,160
TRANS-05961,11-11-2023,,PROD-012,13478,5,100
TRANS-05962,11-11-2023,,PROD-104,11118,4,40
TRANS-05963,11-11-2023,,PROD-009,7696,3,60
TRANS-05964,11-11-2023,,PROD-139,10120,1,25
TRANS-05965,11-11-2023,,PROD-062,3914,4,100
TRANS-05966,11-11-2023,,PROD-133,12447,1,45
TRANS-05967,11-11-2023,,PROD-073,13565,5,100
TRANS-05968,11-11-2023,,PROD-051,638,1,20
TRANS-05969,11-11-2023,,PROD-150,2243,3,360
TRANS-05970,11-11-2023,,PROD-088,5481,4,120
TRANS-05971,11-11-2023,,PROD-102,7382,6,120
TRANS-05972,11-11-2023,,PROD-108,2681,5,150
TRANS-05973,12-11-2023,,PROD-008,3949,4,240
TRANS-05974,12-11-2023,,PROD-135,7393,4,200
TRANS-05975,12-11-2023,,PROD-068,5359,3,150
TRANS-05976,12-11-2023,,PROD-083,12024,4,80
TRANS-05977,12-11-2023,,PROD-075,4556,6,90
TRANS-05978,12-11-2023,,PROD-068,4823,1,50
TRANS-05979,12-11-2023,,PROD-104,252,4,40
TRANS-05980,12-11-2023,,PROD-094,10640,4,160
TRANS-05981,12-11-2023,,PROD-131,7019,1,40
TRANS-05982,12-11-2023,,PROD-108,9413,2,60
TRANS-05983,12-11-2023,,PROD-109,13070,6,900
TRANS-05984,12-11-2023,,PROD-136,4186,2,50
TRANS-05985,12-11-2023,,PROD-091,7104,6,60
TRANS-05986,12-11-2023,,PROD-076,10969,3,75
TRANS-05987,12-11-2023,,PROD-122,8900,5,50
TRANS-05988,12-11-2023,,PROD-082,5415,5,300
TRANS-05989,12-11-2023,,PROD-042,3426,6,60
TRANS-05990,12-11-2023,,PROD-017,1139,5,75
TRANS-05991,12-11-2023,,PROD-002,44,6,180
TRANS-05992,12-11-2023,,PROD-115,2366,3,45
TRANS-05993,12-11-2023,,PROD-012,8033,4,80
TRANS-05994,12-11-2023,,PROD-115,5466,2,30
TRANS-05995,12-11-2023,,PROD-090,1971,3,30
TRANS-05996,12-11-2023,,PROD-017,573,2,30
TRANS-05997,12-11-2023,,PROD-107,5285,6,450
TRANS-05998,13-11-2023,,PROD-042,11599,5,50
TRANS-05999,13-11-2023,,PROD-057,701,4,100
TRANS-06000,13-11-2023,,PROD-140,8285,2,300
TRANS-06001,13-11-2023,,PROD-085,2919,1,15
TRANS-06002,13-11-2023,,PROD-078,8697,4,280
TRANS-06003,13-11-2023,,PROD-074,1680,1,30
TRANS-06004,13-11-2023,,PROD-092,265,5,125
TRANS-06005,13-11-2023,,PROD-063,3039,3,120
TRANS-06006,13-11-2023,,PROD-094,2189,4,160
TRANS-06007,13-11-2023,,PROD-030,6960,5,750
TRANS-06008,13-11-2023,,PROD-015,2735,6,480
TRANS-06009,13-11-2023,,PROD-100,2589,5,200
TRANS-06010,13-11-2023,,PROD-037,10122,4,120
TRANS-06011,13-11-2023,,PROD-033,8403,6,60
TRANS-06012,13-11-2023,,PROD-054,5957,3,150
TRANS-06013,13-11-2023,,PROD-147,8186,3,60
TRANS-06014,13-11-2023,,PROD-069,13561,3,300
TRANS-06015,13-11-2023,,PROD-129,2427,3,750
TRANS-06016,13-11-2023,,PROD-020,1500,4,40
TRANS-06017,13-11-2023,,PROD-031,8257,5,200
TRANS-06018,13-11-2023,,PROD-124,2259,5,200
TRANS-06019,13-11-2023,,PROD-142,5813,4,120
TRANS-06020,13-11-2023,,PROD-149,9127,3,120
TRANS-06021,14-11-2023,,PROD-068,1562,6,300
TRANS-06022,14-11-2023,,PROD-150,2003,5,600
TRANS-06023,14-11-2023,,PROD-089,6231,6,90
TRANS-06024,14-11-2023,,PROD-010,4726,3,300
TRANS-06025,14-11-2023,,PROD-006,9682,6,30
TRANS-06026,14-11-2023,,PROD-151,9502,2,140
TRANS-06027,14-11-2023,,PROD-101,2495,1,30
TRANS-06028,14-11-2023,,PROD-109,12172,3,450
TRANS-06029,14-11-2023,,PROD-155,860,5,200
TRANS-06030,14-11-2023,,PROD-123,5075,2,30
TRANS-06031,14-11-2023,,PROD-008,10754,2,120
TRANS-06032,14-11-2023,,PROD-085,4357,4,60
TRANS-06033,14-11-2023,,PROD-113,5033,5,50
TRANS-06034,14-11-2023,,PROD-011,325,4,120
TRANS-06035,14-11-2023,,PROD-148,2213,3,105
TRANS-06036,14-11-2023,,PROD-017,11225,5,75
TRANS-06037,14-11-2023,,PROD-039,13087,1,10
TRANS-06038,14-11-2023,,PROD-143,8485,5,250
TRANS-06039,14-11-2023,,PROD-033,6630,1,10
TRANS-06040,14-11-2023,,PROD-085,13113,6,90
TRANS-06041,14-11-2023,,PROD-068,4118,2,100
TRANS-06042,14-11-2023,,PROD-124,5013,6,240
TRANS-06043,15-11-2023,,PROD-137,4060,2,160
TRANS-06044,15-11-2023,,PROD-118,12168,4,800
TRANS-06045,15-11-2023,,PROD-136,7381,6,150
TRANS-06046,15-11-2023,,PROD-098,2226,6,60
TRANS-06047,15-11-2023,,PROD-031,1227,5,200
TRANS-06048,15-11-2023,,PROD-079,11034,2,40
TRANS-06049,15-11-2023,,PROD-022,8009,4,60
TRANS-06050,15-11-2023,,PROD-004,5389,4,160
TRANS-06051,15-11-2023,,PROD-094,11545,5,200
TRANS-06052,15-11-2023,,PROD-046,8121,4,40
TRANS-06053,15-11-2023,,PROD-128,11349,5,300
TRANS-06054,15-11-2023,,PROD-055,12896,3,60
TRANS-06055,15-11-2023,,PROD-150,2797,3,360
TRANS-06056,15-11-2023,,PROD-082,620,2,120
TRANS-06057,15-11-2023,,PROD-013,9792,4,280
TRANS-06058,15-11-2023,,PROD-110,5373,5,100
TRANS-06059,15-11-2023,,PROD-147,7826,5,100
TRANS-06060,15-11-2023,,PROD-084,1654,3,30
TRANS-06061,15-11-2023,,PROD-021,9031,3,300
TRANS-06062,15-11-2023,,PROD-034,7616,6,90
TRANS-06063,15-11-2023,,PROD-052,4826,1,30
TRANS-06064,15-11-2023,,PROD-035,12143,1,5
TRANS-06065,15-11-2023,,PROD-131,3492,3,120
TRANS-06066,15-11-2023,,PROD-082,6644,4,240
TRANS-06067,15-11-2023,,PROD-044,2666,6,240
TRANS-06068,16-11-2023,,PROD-018,3254,2,120
TRANS-06069,16-11-2023,,PROD-090,5700,5,50
TRANS-06070,16-11-2023,,PROD-031,7483,3,120
TRANS-06071,16-11-2023,,PROD-071,2477,3,120
TRANS-06072,16-11-2023,,PROD-095,13581,2,30
TRANS-06073,16-11-2023,,PROD-085,13787,4,60
TRANS-06074,16-11-2023,,PROD-105,6116,2,120
TRANS-06075,16-11-2023,,PROD-134,345,1,35
TRANS-06076,16-11-2023,,PROD-116,10528,6,48
TRANS-06077,16-11-2023,,PROD-077,10696,6,60
TRANS-06078,16-11-2023,,PROD-061,2876,2,80
TRANS-06079,16-11-2023,,PROD-024,1671,6,240
TRANS-06080,16-11-2023,,PROD-119,4455,3,120
TRANS-06081,16-11-2023,,PROD-043,9709,3,90
TRANS-06082,16-11-2023,,PROD-019,6499,1,120
TRANS-06083,16-11-2023,,PROD-116,3019,2,16
TRANS-06084,16-11-2023,,PROD-134,13313,3,105
TRANS-06085,16-11-2023,,PROD-048,9228,3,600
TRANS-06086,16-11-2023,,PROD-123,10529,6,90
TRANS-06087,16-11-2023,,PROD-074,3430,4,120
TRANS-06088,16-11-2023,,PROD-074,6370,1,30
TRANS-06089,16-11-2023,,PROD-129,3390,5,1250
TRANS-06090,16-11-2023,,PROD-023,5218,4,80
TRANS-06091,17-11-2023,,PROD-002,3134,2,60
TRANS-06092,17-11-2023,,PROD-002,10149,1,30
TRANS-06093,17-11-2023,,PROD-054,8092,5,250
TRANS-06094,17-11-2023,,PROD-132,2296,2,40
TRANS-06095,17-11-2023,,PROD-044,9555,1,40
TRANS-06096,17-11-2023,,PROD-012,11455,6,120
TRANS-06097,17-11-2023,,PROD-036,1699,4,80
TRANS-06098,17-11-2023,,PROD-045,1605,6,300
TRANS-06099,17-11-2023,,PROD-148,13350,6,210
TRANS-06100,17-11-2023,,PROD-132,7740,1,20
TRANS-06101,17-11-2023,,PROD-055,9459,3,60
TRANS-06102,17-11-2023,,PROD-148,5340,6,210
TRANS-06103,17-11-2023,,PROD-062,5920,6,150
TRANS-06104,17-11-2023,,PROD-039,3116,4,40
TRANS-06105,17-11-2023,,PROD-093,9158,1,10
TRANS-06106,17-11-2023,,PROD-045,12284,6,300
TRANS-06107,17-11-2023,,PROD-040,10899,3,105
TRANS-06108,17-11-2023,,PROD-084,7130,2,20
TRANS-06109,17-11-2023,,PROD-112,894,5,300
TRANS-06110,17-11-2023,,PROD-127,10919,1,20
TRANS-06111,17-11-2023,,PROD-067,13692,2,70
TRANS-06112,17-11-2023,,PROD-137,942,4,320
TRANS-06113,17-11-2023,,PROD-096,9322,3,60
TRANS-06114,17-11-2023,,PROD-120,10780,3,36
TRANS-06115,17-11-2023,,PROD-101,13746,2,60
TRANS-06116,17-11-2023,,PROD-047,5342,4,100
TRANS-06117,18-11-2023,,PROD-049,9919,3,75
TRANS-06118,18-11-2023,,PROD-097,2647,5,75
TRANS-06119,18-11-2023,,PROD-051,22,3,60
TRANS-06120,18-11-2023,,PROD-116,12772,1,8
TRANS-06121,18-11-2023,,PROD-002,4077,3,90
TRANS-06122,18-11-2023,,PROD-042,877,1,10
TRANS-06123,18-11-2023,,PROD-141,10029,3,540
TRANS-06124,18-11-2023,,PROD-080,13571,6,240
TRANS-06125,18-11-2023,,PROD-085,1464,2,30
TRANS-06126,18-11-2023,,PROD-047,6550,1,25
TRANS-06127,18-11-2023,,PROD-156,2474,3,45
TRANS-06128,18-11-2023,,PROD-002,5993,4,120
TRANS-06129,18-11-2023,,PROD-123,12828,3,45
TRANS-06130,18-11-2023,,PROD-025,10484,1,50
TRANS-06131,18-11-2023,,PROD-089,3639,3,45
TRANS-06132,18-11-2023,,PROD-087,558,2,10
TRANS-06133,18-11-2023,,PROD-080,5294,2,80
TRANS-06134,18-11-2023,,PROD-096,8191,5,100
TRANS-06135,18-11-2023,,PROD-074,2216,5,150
TRANS-06136,18-11-2023,,PROD-010,10539,4,400
TRANS-06137,18-11-2023,,PROD-024,10688,1,40
TRANS-06138,18-11-2023,,PROD-057,13958,5,125
TRANS-06139,18-11-2023,,PROD-061,9310,5,200
TRANS-06140,18-11-2023,,PROD-091,411,4,40
TRANS-06141,18-11-2023,,PROD-046,5468,4,40
TRANS-06142,18-11-2023,,PROD-033,4745,4,40
TRANS-06143,18-11-2023,,PROD-050,10039,2,30
TRANS-06144,18-11-2023,,PROD-007,5853,2,300
TRANS-06145,19-11-2023,,PROD-146,2998,3,75
TRANS-06146,19-11-2023,,PROD-044,5857,1,40
TRANS-06147,19-11-2023,,PROD-061,3374,6,240
TRANS-06148,19-11-2023,,PROD-027,377,1,30
TRANS-06149,19-11-2023,,PROD-077,12096,4,40
TRANS-06150,19-11-2023,,PROD-011,13016,3,90
TRANS-06151,19-11-2023,,PROD-047,6671,5,125
TRANS-06152,19-11-2023,,PROD-082,8372,5,300
TRANS-06153,19-11-2023,,PROD-031,10726,3,120
TRANS-06154,19-11-2023,,PROD-012,11069,2,40
TRANS-06155,19-11-2023,,PROD-112,5179,1,60
TRANS-06156,19-11-2023,,PROD-074,8978,6,180
TRANS-06157,19-11-2023,,PROD-118,3247,6,1200
TRANS-06158,19-11-2023,,PROD-061,11632,4,160
TRANS-06159,19-11-2023,,PROD-011,7317,3,90
TRANS-06160,19-11-2023,,PROD-043,13628,5,150
TRANS-06161,19-11-2023,,PROD-008,3097,6,360
TRANS-06162,19-11-2023,,PROD-105,4717,4,240
TRANS-06163,19-11-2023,,PROD-100,4936,1,40
TRANS-06164,19-11-2023,,PROD-122,514,4,40
TRANS-06165,19-11-2023,,PROD-047,7919,5,125
TRANS-06166,19-11-2023,,PROD-152,2008,1,60
TRANS-06167,19-11-2023,,PROD-070,1865,5,125
TRANS-06168,19-11-2023,,PROD-045,11158,3,150
TRANS-06169,19-11-2023,,PROD-141,11307,6,1080
TRANS-06170,19-11-2023,,PROD-039,36,2,20
TRANS-06171,20-11-2023,,PROD-039,21,6,60
TRANS-06172,20-11-2023,,PROD-114,4701,4,20
TRANS-06173,20-11-2023,,PROD-049,6343,5,125
TRANS-06174,20-11-2023,,PROD-063,4292,6,240
TRANS-06175,20-11-2023,,PROD-123,4761,5,75
TRANS-06176,20-11-2023,,PROD-111,5035,5,900
TRANS-06177,20-11-2023,,PROD-144,7943,6,240
TRANS-06178,20-11-2023,,PROD-095,13374,6,90
TRANS-06179,20-11-2023,,PROD-105,6502,4,240
TRANS-06180,20-11-2023,,PROD-096,10383,3,60
TRANS-06181,20-11-2023,,PROD-088,2967,6,180
TRANS-06182,20-11-2023,,PROD-011,3907,5,150
TRANS-06183,20-11-2023,,PROD-063,13507,1,40
TRANS-06184,20-11-2023,,PROD-151,7203,6,420
TRANS-06185,20-11-2023,,PROD-091,13502,5,50
TRANS-06186,20-11-2023,,PROD-094,9543,1,40
TRANS-06187,20-11-2023,,PROD-025,7366,2,100
TRANS-06188,20-11-2023,,PROD-022,4623,2,30
TRANS-06189,20-11-2023,,PROD-112,11933,4,240
TRANS-06190,20-11-2023,,PROD-113,86,6,60
TRANS-06191,20-11-2023,,PROD-031,13107,3,120
TRANS-06192,20-11-2023,,PROD-137,9067,4,320
